country,countryCode,region,regionCode,incomeLevel,incomeLevelCode,countryDesAfghanistan,AFG,South Asia,R6,Low income,LIC,AfghanistanAlbania,ALB,Europe and Central Asia,R2,Upper middle income,UMC,AlbaniaAngola,AGO,Sub-Saharan Africa,R7,Upper middle income,UMC,AngolaAntiguaandbarbuda,ATG,Latin America and Caribbean,R3,High income,HIC,Antigua and BarbudaArgentina,ARG,Latin America and Caribbean,R3,High income,HIC,ArgentinaArmenia,ARM,Europe and Central Asia,R2,Lower middle income,LMC,ArmeniaAzerbaijan,AZE,Europe and Central Asia,R2,Upper middle income,UMC,AzerbaijanBahamas,BHS,Latin America and Caribbean,R3,High income,HIC,"Bahamas, The"Bangladesh,BGD,South Asia,R6,Lower middle income,LMC,BangladeshBarbados,BRB,Latin America and Caribbean,R3,High income,HIC,BarbadosBelarus,BLR,Europe and Central Asia,R2,Upper middle income,UMC,BelarusBelize,BLZ,Latin America and Caribbean,R3,Upper middle income,UMC,BelizeBhutan,BTN,South Asia,R6,Lower middle income,LMC,BhutanBih,BIH,Europe and Central Asia,R2,Upper middle income,UMC,Bosnia and HerzegovinaBolivia,BOL,Latin America and Caribbean,R3,Lower middle income,LMC,BoliviaBotswana,BWA,Sub-Saharan Africa,R7,Upper middle income,UMC,BotswanaBrazil,BRA,Latin America and Caribbean,R3,Upper middle income,UMC,BrazilBulgaria,BGR,Europe and Central Asia,R2,Upper middle income,UMC,BulgariaBurkinafaso,BFA,Sub-Saharan Africa,R7,Low income,LIC,Burkina FasoBurundi,BDI,Sub-Saharan Africa,R7,Low income,LIC,BurundiCameroon,CMR,Sub-Saharan Africa,R7,Lower middle income,LMC,CameroonChile,CHL,Latin America and Caribbean,R3,High income,HIC,ChileChina,CHN,East Asia and Pacific,R1,Upper middle income,UMC,ChinaColombia,COL,Latin America and Caribbean,R3,Upper middle income,UMC,ColombiaCostarica,CRI,Latin America and Caribbean,R3,Upper middle income,UMC,Costa RicaCotedivoire,CIV,Sub-Saharan Africa,R7,Lower middle income,LMC,Cote d'IvoireCroatia,HRV,Europe and Central Asia,R2,High income,HIC,CroatiaCzech,CZE,Europe and Central Asia,R2,High income,HIC,Czech RepublicDjibouti,DJI,Middle East and North Africa,R4,Lower middle income,LMC,DjiboutiDominica,DMA,Latin America and Caribbean,R3,Upper middle income,UMC,DominicaDominicanrepublic,DOM,Latin America and Caribbean,R3,Upper middle income,UMC,Dominican RepublicDrc,COD,Sub-Saharan Africa,R7,Low income,LIC,"Congo, Dem. Rep."Ecuador,ECU,Latin America and Caribbean,R3,Upper middle income,UMC,EcuadorEgypt,EGY,Middle East and North Africa,R4,Lower middle income,LMC,"Egypt, Arab Rep."Elsalvador,SLV,Latin America and Caribbean,R3,Lower middle income,LMC,El SalvadorEstonia,EST,Europe and Central Asia,R2,High income,HIC,EstoniaEthiopia,ETH,Sub-Saharan Africa,R7,Low income,LIC,EthiopiaFyrom,MKD,Europe and Central Asia,R2,Upper middle income,UMC,"Macedonia, FYR"Georgia,GEO,Europe and Central Asia,R2,Lower middle income,LMC,GeorgiaGhana,GHA,Sub-Saharan Africa,R7,Lower middle income,LMC,GhanaGrenada,GRD,Latin America and Caribbean,R3,Upper middle income,UMC,GrenadaGuatemala,GTM,Latin America and Caribbean,R3,Lower middle income,LMC,GuatemalaGuyana,GUY,Latin America and Caribbean,R3,Lower middle income,LMC,GuyanaHonduras,HND,Latin America and Caribbean,R3,Lower middle income,LMC,HondurasHungary,HUN,Europe and Central Asia,R2,High income,HIC,HungaryIndia,IND,South Asia,R6,Lower middle income,LMC,IndiaIndonesia,IDN,East Asia and Pacific,R1,Lower middle income,LMC,IndonesiaIraq,IRQ,Middle East and North Africa,R4,Upper middle income,UMC,IraqIsrael,ISR,Middle East and North Africa,R4,High income,HIC,IsraelJamaica,JAM,Latin America and Caribbean,R3,Upper middle income,UMC,JamaicaJordan,JOR,Middle East and North Africa,R4,Upper middle income,UMC,JordanKazakhstan,KAZ,Europe and Central Asia,R2,Upper middle income,UMC,KazakhstanKenya,KEN,Sub-Saharan Africa,R7,Lower middle income,LMC,KenyaKosovo,KSV,Europe and Central Asia,R2,Lower middle income,LMC,KosovoKyrgyzstan,KGZ,Europe and Central Asia,R2,Lower middle income,LMC,Kyrgyz RepublicLaos,LAO,East Asia and Pacific,R1,Lower middle income,LMC,Lao PDRLatvia,LVA,Europe and Central Asia,R2,High income,HIC,LatviaLebanon,LBN,Middle East and North Africa,R4,Upper middle income,UMC,LebanonLithuania,LTU,Europe and Central Asia,R2,High income,HIC,LithuaniaMadagascar,MDG,Sub-Saharan Africa,R7,Low income,LIC,MadagascarMalawi,MWI,Sub-Saharan Africa,R7,Low income,LIC,MalawiMali,MLI,Sub-Saharan Africa,R7,Low income,LIC,MaliMauritania,MRT,Sub-Saharan Africa,R7,Lower middle income,LMC,MauritaniaMauritius,MUS,Sub-Saharan Africa,R7,Upper middle income,UMC,MauritiusMexico,MEX,Latin America and Caribbean,R3,Upper middle income,UMC,MexicoMoldova,MDA,Europe and Central Asia,R2,Lower middle income,LMC,MoldovaMongolia,MNG,East Asia and Pacific,R1,Upper middle income,UMC,MongoliaMontenegro,MNE,Europe and Central Asia,R2,Upper middle income,UMC,MontenegroMorocco,MAR,Middle East and North Africa,R4,Lower middle income,LMC,MoroccoMyanmar,MMR,East Asia and Pacific,R1,Lower middle income,LMC,MyanmarNamibia,NAM,Sub-Saharan Africa,R7,Upper middle income,UMC,NamibiaNepal,NPL,South Asia,R6,Low income,LIC,NepalNicaragua,NIC,Latin America and Caribbean,R3,Lower middle income,LMC,NicaraguaNigeria,NGA,Sub-Saharan Africa,R7,Lower middle income,LMC,NigeriaPakistan,PAK,South Asia,R6,Lower middle income,LMC,PakistanPanama,PAN,Latin America and Caribbean,R3,Upper middle income,UMC,PanamaParaguay,PRY,Latin America and Caribbean,R3,Upper middle income,UMC,ParaguayPeru,PER,Latin America and Caribbean,R3,Upper middle income,UMC,PeruPhilippines,PHL,East Asia and Pacific,R1,Lower middle income,LMC,PhilippinesPoland,POL,Europe and Central Asia,R2,High income,HIC,PolandRomania,ROU,Europe and Central Asia,R2,Upper middle income,UMC,RomaniaRussia,RUS,Europe and Central Asia,R2,High income,HIC,Russian FederationSenegal,SEN,Sub-Saharan Africa,R7,Lower middle income,LMC,SenegalSerbia,SRB,Europe and Central Asia,R2,Upper middle income,UMC,SerbiaSlovakia,SVK,Europe and Central Asia,R2,High income,HIC,Slovak RepublicSlovenia,SVN,Europe and Central Asia,R2,High income,HIC,SloveniaSouthsudan,SSD,Sub-Saharan Africa,R7,Low income,LIC,South SudanSriLanka,LKA,South Asia,R6,Lower middle income,LMC,Sri LankaStkittsandnevis,KNA,Latin America and Caribbean,R3,High income,HIC,St. Kitts and NevisStlucia,LCA,Latin America and Caribbean,R3,Upper middle income,UMC,St. LuciaStvincentandthegrenadines,VCT,Latin America and Caribbean,R3,Upper middle income,UMC,St. Vincent and the GrenadinesSudan,SDN,Sub-Saharan Africa,R7,Lower middle income,LMC,SudanSuriname,SUR,Latin America and Caribbean,R3,Upper middle income,UMC,SurinameSweden,SWE,Europe and Central Asia,R2,High income,HIC,SwedenTajikistan,TJK,Europe and Central Asia,R2,Lower middle income,LMC,TajikistanTanzania,TZA,Sub-Saharan Africa,R7,Low income,LIC,TanzaniaTrinidadandtobago,TTO,Latin America and Caribbean,R3,High income,HIC,Trinidad and TobagoTunisia,TUN,Middle East and North Africa,R4,Upper middle income,UMC,TunisiaTurkey,TUR,Europe and Central Asia,R2,Upper middle income,UMC,TurkeyUganda,UGA,Sub-Saharan Africa,R7,Low income,LIC,UgandaUkraine,UKR,Europe and Central Asia,R2,Lower middle income,LMC,UkraineUruguay,URY,Latin America and Caribbean,R3,High income,HIC,UruguayUzbekistan,UZB,Europe and Central Asia,R2,Lower middle income,LMC,UzbekistanVenezuela,VEN,Latin America and Caribbean,R3,High income,HIC,"Venezuela, RB"Vietnam,VNM,East Asia and Pacific,R1,Lower middle income,LMC,VietnamWestBankAndGaza,WBG,Middle East and North Africa,R4,Lower middle income,LMC,West Bank and GazaYemen,YEM,Middle East and North Africa,R4,Lower middle income,LMC,"Yemen, Rep."Zambia,ZMB,Sub-Saharan Africa,R7,Lower middle income,LMC,Zambia